group,mean_pearson_corr
Density,0.008557696710459332
Discourse,0.04149307453735964
Diversity,-0.07363541127289394
LIWC,0.01948994436145507
LinkingRate,0.061362264804992295
Reference,-0.00041043710035035404
SynonymRate,0.0023898239956083485
