group,mean_pearson_corr
Density,0.011370644017842301
Discourse,0.047337202873410394
Diversity,-0.053711213388411325
LIWC,0.004022993527705089
LinkingRate,0.05427885768915924
Reference,-0.0021701315030390397
SynonymRate,-0.001806154274126788
