group,mean_spearman_corr
Density,-0.003831704330814992
Discourse,-0.08565830920317341
Diversity,-0.024165730065945253
LIWC,-0.019843374770781307
LinkingRate,-0.1241845366731232
Reference,0.0040518113761780815
SynonymRate,-6.938893903907228e-18
