group,mean_spearman_corr
Density,0.008563181942547144
Discourse,0.045424255519105144
Diversity,-0.04673121852635556
LIWC,0.017933620838021757
LinkingRate,0.06382935998128993
Reference,-0.013967224406531475
SynonymRate,1.734723475976807e-18
